{"0": {"0.5282051282051282": {"score_edu_redweights": -0.6832286166575094, "score_edu_edges": -0.8759920534760253, "score_edu_unc": -0.03691091325730533, "score_con_dist": -0.8983471490521571, "score_con_weight": -0.09910138918982536}, "0.5333333333333333": {"score_edu_redweights": -0.6422911382928416, "score_edu_edges": 0.5565174240119037, "score_edu_unc": 0.43777470557320286, "score_con_dist": -0.8902123599658447, "score_con_weight": -0.4727290433813385}, "0.5515463917525774": {"score_edu_redweights": 0.24289572774073465, "score_edu_edges": 0.8421144862356928, "score_edu_unc": -0.03712777121412758, "score_con_dist": -0.41854698833175785, "score_con_weight": 0.772896012293457}, "0.5555555555555556": {"score_edu_redweights": -0.394909907958082, "score_edu_edges": -0.8564548624418065, "score_edu_unc": -0.17367425088170374, "score_con_dist": 0.6175816966663323, "score_con_weight": -0.6291002356441748}, "0.5794871794871795": {"score_edu_redweights": -0.22052660234552013, "score_edu_edges": 0.16210337184400792, "score_edu_unc": -0.4648295297567593, "score_con_dist": 0.9212648205537062, "score_con_weight": 0.9227885148698982}}, "1": {"0.517948717948718": {"score_edu_redweights": 1, "score_edu_edges": 1, "score_edu_unc": -0.31809594153117837, "score_con_dist": 1, "score_con_weight": -1}, "0.5230769230769231": {"score_edu_redweights": 0.3039722754270996, "score_edu_edges": -1, "score_edu_unc": -0.9276289425829777, "score_con_dist": 0.8593724109364158, "score_con_weight": -1}, "0.5284974093264249": {"score_edu_redweights": -1, "score_edu_edges": 0.6808658662404468, "score_edu_unc": -1, "score_con_dist": 0.948570326400002, "score_con_weight": -1}, "0.5435897435897435": {"score_edu_redweights": 1, "score_edu_edges": -1, "score_edu_unc": -1, "score_con_dist": -1, "score_con_weight": -0.20364531891658155}, "0.5487179487179488": {"score_edu_redweights": -0.5293451620697565, "score_edu_edges": 1, "score_edu_unc": -0.23976021162941225, "score_con_dist": 1, "score_con_weight": 1}}, "2": {"0.5103092783505154": {"score_edu_redweights": 0.04539994859319496, "score_edu_edges": 1, "score_edu_unc": -1, "score_con_dist": 1, "score_con_weight": 1}, "0.5204081632653061": {"score_edu_redweights": -0.6676711118040508, "score_edu_edges": 1, "score_edu_unc": -0.2787031409689342, "score_con_dist": 0.8611324144561077, "score_con_weight": -1}, "0.520618556701031": {"score_edu_redweights": -1, "score_edu_edges": 0.5920855709798769, "score_edu_unc": -0.8283248867226551, "score_con_dist": -0.8652503504901068, "score_con_weight": -0.2247000766174796}, "0.5440414507772021": {"score_edu_redweights": -0.13475785877113644, "score_edu_edges": 0.5728619927831018, "score_edu_unc": -1, "score_con_dist": -1, "score_con_weight": -0.07833411013117841}, "0.5670103092783505": {"score_edu_redweights": -1, "score_edu_edges": 1, "score_edu_unc": -1, "score_con_dist": 0.5206266637570948, "score_con_weight": -1}}, "3": {"0.5306122448979592": {"score_edu_redweights": -0.18438158002498084, "score_edu_edges": -1, "score_edu_unc": -1, "score_con_dist": -0.9222784254991694, "score_con_weight": -0.7796758256507483}, "0.5333333333333333": {"score_edu_redweights": 0.06191139724278073, "score_edu_edges": 0.09474649770622678, "score_edu_unc": -1, "score_con_dist": 1, "score_con_weight": 0.2969670157637322}, "0.533678756476684": {"score_edu_redweights": 1, "score_edu_edges": 1, "score_edu_unc": -1, "score_con_dist": -1, "score_con_weight": -1}, "0.5384615384615384": {"score_edu_redweights": 0.6362257083571927, "score_edu_edges": 0.39117046559445445, "score_edu_unc": -1, "score_con_dist": 1, "score_con_weight": -1}, "0.5773195876288659": {"score_edu_redweights": 0.07087457520558482, "score_edu_edges": -0.21936440994116824, "score_edu_unc": -1, "score_con_dist": -1, "score_con_weight": -1}}, "4": {"0.5128205128205128": {"score_edu_redweights": -0.029983818790597527, "score_edu_edges": 0.5847969865318063, "score_edu_unc": -1, "score_con_dist": 1, "score_con_weight": -1}, "0.5153061224489796": {"score_edu_redweights": -0.8814921836295977, "score_edu_edges": -1, "score_edu_unc": 1, "score_con_dist": -1, "score_con_weight": 0.9945148675180433}, "0.576530612244898": {"score_edu_redweights": -1, "score_edu_edges": -1, "score_edu_unc": -0.773760680197825, "score_con_dist": -0.045359877540930404, "score_con_weight": 0.04453930094218905}, "0.5794871794871795": {"score_edu_redweights": 1, "score_edu_edges": 1, "score_edu_unc": -1, "score_con_dist": 1, "score_con_weight": -0.019416383368595413}}, "5": {"0.5076923076923077": {"score_edu_redweights": -0.6665341782026213, "score_edu_edges": -1, "score_edu_unc": 1, "score_con_dist": 0.7733416572414666, "score_con_weight": 1}, "0.5282051282051282": {"score_edu_redweights": -1, "score_edu_edges": -1, "score_edu_unc": 1, "score_con_dist": 1, "score_con_weight": 1}, "0.5306122448979592": {"score_edu_redweights": 1, "score_edu_edges": 1, "score_edu_unc": 1, "score_con_dist": -1, "score_con_weight": 0.11853749989760587}, "0.5463917525773195": {"score_edu_redweights": -0.08987670025679528, "score_edu_edges": 1, "score_edu_unc": -1, "score_con_dist": 1, "score_con_weight": 0.3964732081237115}}, "6": {"0.5282051282051282": {"score_edu_redweights": 1, "score_edu_edges": -1, "score_edu_unc": -0.920921877986637, "score_con_dist": -1, "score_con_weight": 1}, "0.533678756476684": {"score_edu_redweights": -1, "score_edu_edges": 0.5717341959960862, "score_edu_unc": 1, "score_con_dist": 1, "score_con_weight": 1}, "0.5412371134020618": {"score_edu_redweights": 1, "score_edu_edges": 1, "score_edu_unc": 1, "score_con_dist": -0.6473314174322459, "score_con_weight": -1}, "0.5641025641025641": {"score_edu_redweights": -0.9367346505692351, "score_edu_edges": -1, "score_edu_unc": 1, "score_con_dist": 1, "score_con_weight": 1}}, "7": {"0.5279187817258884": {"score_edu_redweights": 1, "score_edu_edges": -1, "score_edu_unc": 1, "score_con_dist": -0.13995138931769668, "score_con_weight": -0.4545674831486908}, "0.5360824742268041": {"score_edu_redweights": 1, "score_edu_edges": -1, "score_edu_unc": 0.1427540162630786, "score_con_dist": -0.020546337067114617, "score_con_weight": 0.34651087812763315}, "0.5435897435897435": {"score_edu_redweights": 1, "score_edu_edges": 0.9100765524227418, "score_edu_unc": 0.4831059427465293, "score_con_dist": -1, "score_con_weight": 1}, "0.5463917525773195": {"score_edu_redweights": -1, "score_edu_edges": -1, "score_edu_unc": 0.3702497047129715, "score_con_dist": 1, "score_con_weight": 0.11751406748691606}}, "8": {"0.517948717948718": {"score_edu_redweights": -0.21325528667803317, "score_edu_edges": -0.6565246433717993, "score_edu_unc": 1, "score_con_dist": 0.06301315826546061, "score_con_weight": -0.8003692167792141}, "0.5228426395939086": {"score_edu_redweights": 1, "score_edu_edges": 0.8403390004800095, "score_edu_unc": -0.3891151602813697, "score_con_dist": 0.76074359099854, "score_con_weight": 0.7023956043193833}, "0.5333333333333333": {"score_edu_redweights": 1, "score_edu_edges": 0.580898023197004, "score_edu_unc": -0.3609531213794337, "score_con_dist": -1, "score_con_weight": -1}, "0.5360824742268041": {"score_edu_redweights": 1, "score_edu_edges": -1, "score_edu_unc": -0.4194759363078222, "score_con_dist": -1, "score_con_weight": 1}, "0.5618556701030928": {"score_edu_redweights": 1, "score_edu_edges": -1, "score_edu_unc": 0.6193565522286232, "score_con_dist": -1, "score_con_weight": -1}}, "9": {"0.5154639175257731": {"score_edu_redweights": -0.20259553666054142, "score_edu_edges": -1, "score_edu_unc": 1, "score_con_dist": 0.5193959809787095, "score_con_weight": -1}, "0.517948717948718": {"score_edu_redweights": 1, "score_edu_edges": 1, "score_edu_unc": 0.8494875581237233, "score_con_dist": -1, "score_con_weight": -1}, "0.5257731958762887": {"score_edu_redweights": 1, "score_edu_edges": 1, "score_edu_unc": 1, "score_con_dist": 1, "score_con_weight": -1}, "0.5309278350515464": {"score_edu_redweights": 1, "score_edu_edges": -0.31254983262009955, "score_edu_unc": -1,